<?xml version="1.0"?>

<profile>

<!-- Profiel voor KB digitaliseringstrajecten:

Geheugen van Nederland JPEG naar JP2 conversie

- Alleen access JP2s (lossless!); géén controle op masterbestanden (master is originele JPEG)
- Géén controle op resolutie en kleur vanwege heterogeniteit bronmateriaal

 -->

<!-- Names of Schematron schemas for master, access and target images
NOTE: names only, not full paths (default location! -->

<schemaMaster>accessGvN_2016.sch</schemaMaster>
<schemaAccess>accessGvN_2016.sch</schemaAccess>
<schemaTargetRGB>accessGvN_2016.sch</schemaTargetRGB>
<schemaTargetGray>accessGvN_2016.sch</schemaTargetGray>
<schemaTargetAccessRGB>accessGvN_2016.sch</schemaTargetAccessRGB>
<schemaTargetAccessGray>accessGvN_2016.sch</schemaTargetAccessGray>

</profile>


